{"dates": [2015, 2016, 2017, 2018, 2019, 2020, 2021, 2022, 2023, 2024, 2025], "data": [0.013741, 0.012598, 0.015402, 0.014355, 0.012658, 0.014409, 0.011107, 0.011758, 0.012667, 0.010151, 0.008495]}