{"dates": [2015, 2016, 2017, 2018, 2019, 2020, 2021, 2022, 2023, 2024, 2025], "data": [3.03728, 4.663366, 5.412699, 5.738116, 5.578445, 6.221428, 5.727624, 5.817394, 6.276006, 5.134126, 4.611539]}