{"dates": [2015, 2016, 2017, 2018, 2019, 2020, 2021, 2022, 2023, 2024, 2025], "data": [0.016553, 0.013679, 0.016228, 0.017247, 0.014508, 0.016164, 0.013524, 0.01337, 0.013559, 0.011204, 0.008793]}