{"dates": [2015, 2016, 2017, 2018, 2019, 2020, 2021, 2022, 2023, 2024, 2025], "data": [0.102544, 0.08883, 0.112666, 0.112213, 0.099793, 0.112555, 0.08835, 0.084982, 0.09353, 0.079312, 0.064184]}